LocalDateTable_ba934b29-0be9-45fc-a5b6-a2a0bace3d1b[Ano];LocalDateTable_ba934b29-0be9-45fc-a5b6-a2a0bace3d1b[Mês];LocalDateTable_ba934b29-0be9-45fc-a5b6-a2a0bace3d1b[MonthNo];LocalDateTable_ba934b29-0be9-45fc-a5b6-a2a0bace3d1b[Dia];[Valor_Total_de_Venda]
2018;janeiro;1;2;166933,36
2018;janeiro;1;3;313238,11
2018;janeiro;1;4;136644,75
2018;janeiro;1;5;64650,58
2018;janeiro;1;8;229826,13
2018;janeiro;1;9;242904,98
2018;janeiro;1;10;30015,42
2018;janeiro;1;11;169531,07
2018;janeiro;1;12;145706,23
2018;janeiro;1;15;181835,76
2018;janeiro;1;16;286701,72
2018;janeiro;1;17;68822,92
2018;janeiro;1;18;117601,8
2018;janeiro;1;19;77727,13
2018;janeiro;1;22;93643,7
2018;janeiro;1;23;240037,5
2018;janeiro;1;24;24134,51
2018;janeiro;1;25;153021,68
2018;janeiro;1;26;33886,45
2018;janeiro;1;29;124095
2018;janeiro;1;30;242778,11
2018;janeiro;1;31;264107,92
2018;fevereiro;2;1;1247,07
2018;fevereiro;2;2;31763,72
2018;fevereiro;2;5;110227,67
2018;fevereiro;2;6;291118,48
2018;fevereiro;2;7;21552,32
2018;fevereiro;2;8;142298,16
2018;fevereiro;2;9;228703,54
2018;fevereiro;2;13;298388,56
2018;fevereiro;2;14;97079,71
2018;fevereiro;2;15;107763,64
2018;fevereiro;2;16;32183,57
2018;fevereiro;2;19;178963,81
2018;fevereiro;2;20;266271,31
2018;fevereiro;2;21;25474,46
2018;fevereiro;2;22;181098,4
2018;fevereiro;2;23;92201,89
2018;fevereiro;2;26;172468,9
2018;fevereiro;2;27;297566,64
2018;fevereiro;2;28;305423,92
2018;março;3;1;54022,42
2018;março;3;2;28049,2
2018;março;3;5;138151,39
2018;março;3;6;229352,65
2018;março;3;7;35481,39
2018;março;3;8;177150,58
2018;março;3;9;94772,41
2018;março;3;12;174377,45
2018;março;3;13;247358,21
2018;março;3;14;177523,15
2018;março;3;15;175141,56
2018;março;3;16;35916,59
2018;março;3;19;138958,67
2018;março;3;20;207939,87
2018;março;3;21;185237,57
2018;março;3;22;92514,83
2018;março;3;23;71964,47
2018;março;3;26;163252,4
2018;março;3;27;257106,5
2018;março;3;28;237557,82
2018;março;3;29;161004,1
2018;março;3;31;163,92
2018;abril;4;2;70266,86
2018;abril;4;3;255948,03
2018;abril;4;4;144098,38
2018;abril;4;5;68923,96
2018;abril;4;6;78920,31
2018;abril;4;9;165630,43
2018;abril;4;10;338789,85
2018;abril;4;11;175649,79
2018;abril;4;12;88788,46
2018;abril;4;13;22463,99
2018;abril;4;16;170569,35
2018;abril;4;17;274269,6
2018;abril;4;18;182828,96
2018;abril;4;19;63258,97
2018;abril;4;20;68060,13
2018;abril;4;23;144104,96
2018;abril;4;24;285708,35
2018;abril;4;25;263268,16
2018;abril;4;26;81692,74
2018;abril;4;27;173190,59
2018;abril;4;30;345113,78
2018;maio;5;2;29807,32
2018;maio;5;3;89046,36
2018;maio;5;4;23304,91
2018;maio;5;7;186508,38
2018;maio;5;8;294239,22
2018;maio;5;9;244151,11
2018;maio;5;10;52847,43
2018;maio;5;11;76363,76
2018;maio;5;14;159882,34
2018;maio;5;15;288925,83
2018;maio;5;16;216447,5
2018;maio;5;17;72512,27
2018;maio;5;18;19441,04
2018;maio;5;21;144299,93
2018;maio;5;22;280856,03
2018;maio;5;23;171958,27
2018;maio;5;24;7277,15
2018;maio;5;25;123986,21
2018;maio;5;28;13003,5
2018;maio;5;29;126680,5
2018;maio;5;30;-62790,24
2018;junho;6;1;355601,22
2018;junho;6;2;8024,18
2018;junho;6;4;179354,69
2018;junho;6;5;358921,19
2018;junho;6;6;47039,28
2018;junho;6;7;129338,82
2018;junho;6;8;25014,09
2018;junho;6;11;178667,95
2018;junho;6;12;318340,98
2018;junho;6;13;295982,58
2018;junho;6;14;68380,19
2018;junho;6;15;101308,74
2018;junho;6;18;172681,23
2018;junho;6;19;246504,53
2018;junho;6;20;190118,45
2018;junho;6;21;100902,5
2018;junho;6;22;19014,48
2018;junho;6;25;114639,09
2018;junho;6;26;279454,61
2018;junho;6;27;233523,97
2018;junho;6;28;39723,51
2018;junho;6;29;184235,3
2018;julho;7;2;53747,88
2018;julho;7;3;268865,4
2018;julho;7;4;225572,23
2018;julho;7;5;81160,25
2018;julho;7;6;10035,62
2018;julho;7;9;162943,46
2018;julho;7;10;309945,66
2018;julho;7;11;302136,2
2018;julho;7;12;81713,78
2018;julho;7;13;29665,7
2018;julho;7;16;158768,07
2018;julho;7;17;295570,53
2018;julho;7;18;164950,61
2018;julho;7;19;71973,7
2018;julho;7;20;55746,72
2018;julho;7;23;165810,41
2018;julho;7;24;314344,41
2018;julho;7;25;255318,5
2018;julho;7;26;7860,92
2018;julho;7;27;183468,62
2018;julho;7;30;101350,65
2018;julho;7;31;453926,48
2018;agosto;8;1;35166,46
2018;agosto;8;2;12216,4
2018;agosto;8;3;177719,2
2018;agosto;8;6;105368,6
2018;agosto;8;7;279912,88
2018;agosto;8;8;306087,98
2018;agosto;8;9;55144,79
2018;agosto;8;10;190754,95
2018;agosto;8;13;103642,08
2018;agosto;8;14;297655,02
2018;agosto;8;15;213311,52
2018;agosto;8;16;83266,71
2018;agosto;8;17;67129,81
2018;agosto;8;20;166809,96
2018;agosto;8;21;251725,42
2018;agosto;8;22;249913,06
2018;agosto;8;23;76661,56
2018;agosto;8;24;4955,91
2018;agosto;8;27;192874,64
2018;agosto;8;28;283276,42
2018;agosto;8;29;215865,92
2018;agosto;8;30;86530,9
2018;agosto;8;31;212522,46
2018;setembro;9;3;55295,48
2018;setembro;9;4;304180,19
2018;setembro;9;5;333815,71
2018;setembro;9;6;107049,43
2018;setembro;9;10;84504,95
2018;setembro;9;11;287044,95
2018;setembro;9;12;254922,08
2018;setembro;9;13;102739,85
2018;setembro;9;14;107816,92
2018;setembro;9;17;170355,99
2018;setembro;9;18;272495,15
2018;setembro;9;19;272902,56
2018;setembro;9;20;1913,82
2018;setembro;9;21;132306,95
2018;setembro;9;24;105120,51
2018;setembro;9;25;312104,88
2018;setembro;9;26;284610,95
2018;setembro;9;27;97824,76
2018;setembro;9;28;185340,06
2018;outubro;10;1;49105,58
2018;outubro;10;2;295581,38
2018;outubro;10;3;239961,24
2018;outubro;10;4;9845,4
2018;outubro;10;5;129780,97
2018;outubro;10;8;113578,29
2018;outubro;10;9;296354,03
2018;outubro;10;10;235780,67
2018;outubro;10;11;50314,37
2018;outubro;10;15;239139,93
2018;outubro;10;16;285970,98
2018;outubro;10;17;314519,92
2018;outubro;10;18;-14446,49
2018;outubro;10;19;114779,08
2018;outubro;10;22;92794,67
2018;outubro;10;23;83298,02
2018;outubro;10;24;456292,78
2018;outubro;10;25;37815,54
2018;outubro;10;26;193473,82
2018;outubro;10;29;87231,83
2018;outubro;10;30;394268,77
2018;outubro;10;31;294827,26
2018;novembro;11;1;115483,94
2018;novembro;11;5;107768,43
2018;novembro;11;6;371904,72
2018;novembro;11;7;234486,71
2018;novembro;11;8;68934,2
2018;novembro;11;9;72897,93
2018;novembro;11;12;145695,67
2018;novembro;11;13;394683,57
2018;novembro;11;14;210488,41
2018;novembro;11;16;127883,61
2018;novembro;11;19;146356,53
2018;novembro;11;20;342918,41
2018;novembro;11;21;218283,29
2018;novembro;11;22;66826,74
2018;novembro;11;23;54047,6
2018;novembro;11;26;155943,06
2018;novembro;11;27;311796,39
2018;novembro;11;28;308997,62
2018;novembro;11;29;-37,74
2018;novembro;11;30;238583,11
2018;dezembro;12;3;47081,45
2018;dezembro;12;4;254110,56
2018;dezembro;12;5;223221,48
2018;dezembro;12;6;24329,76
2018;dezembro;12;7;272813,27
2018;dezembro;12;10;121791,82
2018;dezembro;12;11;365371,89
2018;dezembro;12;12;327650,02
2018;dezembro;12;13;35587,3
2018;dezembro;12;14;239277,52
2018;dezembro;12;17;110583,68
2018;dezembro;12;18;378229,46
2018;dezembro;12;19;279747,4
2018;dezembro;12;20;205623,87
2018;dezembro;12;21;234969,96
2018;dezembro;12;22;5571,67
2018;dezembro;12;24;2927,16
2018;dezembro;12;26;376212,61
2018;dezembro;12;27;220990,61
2018;dezembro;12;28;414856,35
2018;dezembro;12;29;8835,47
2018;dezembro;12;31;1951,1
2019;janeiro;1;2;93299,1
2019;janeiro;1;3;104140,37
2019;janeiro;1;4;15285,85
2019;janeiro;1;7;152817,73
2019;janeiro;1;8;287428,85
2019;janeiro;1;9;302251,05
2019;janeiro;1;10;-2185,54
2019;janeiro;1;11;181172,05
2019;janeiro;1;14;129294,05
2019;janeiro;1;15;364323,53
2019;janeiro;1;16;247059,94
2019;janeiro;1;17;-14110,99
2019;janeiro;1;18;115773,68
2019;janeiro;1;21;99345,26
2019;janeiro;1;22;308823,87
2019;janeiro;1;23;308084,98
2019;janeiro;1;24;41399,54
2019;janeiro;1;25;153348,36
2019;janeiro;1;28;113341,93
2019;janeiro;1;29;248920,05
2019;janeiro;1;30;235142,41
2019;janeiro;1;31;61441,98
2019;fevereiro;2;1;92866,19
2019;fevereiro;2;4;74650,95
2019;fevereiro;2;5;275351,15
2019;fevereiro;2;6;320571,82
2019;fevereiro;2;7;10588,11
2019;fevereiro;2;8;217299,38
2019;fevereiro;2;11;71466,67
2019;fevereiro;2;12;397875,38
2019;fevereiro;2;13;222031,71
2019;fevereiro;2;14;6296,89
2019;fevereiro;2;15;242682,19
2019;fevereiro;2;18;103379,23
2019;fevereiro;2;19;279643,63
2019;fevereiro;2;20;304693,11
2019;fevereiro;2;21;8469,32
2019;fevereiro;2;22;242079,46
2019;fevereiro;2;25;106361,86
2019;fevereiro;2;26;325644,79
2019;fevereiro;2;27;264491,02
2019;fevereiro;2;28;120694,77
2019;março;3;1;100222,02
2019;março;3;4;85725,48
2019;março;3;5;60896,5
2019;março;3;6;518281,91
2019;março;3;7;17860,83
2019;março;3;8;247372,12
2019;março;3;11;101719,29
2019;março;3;12;324749,33
2019;março;3;13;273261,72
2019;março;3;14;14832,27
2019;março;3;15;204436,63
2019;março;3;18;112680,55
2019;março;3;19;318178,95
2019;março;3;20;340458,15
2019;março;3;21;11044,71
2019;março;3;22;127293,19
2019;março;3;25;147872,53
2019;março;3;26;306942,62
2019;março;3;27;285330,64
2019;março;3;28;26140,29
2019;março;3;29;274557,69
2019;abril;4;1;58670,53
2019;abril;4;2;285661,92
2019;abril;4;3;276295,4
2019;abril;4;4;14115,11
2019;abril;4;5;196477,19
2019;abril;4;8;138640,01
2019;abril;4;9;320165,93
2019;abril;4;10;242389,27
2019;abril;4;11;80016,99
2019;abril;4;12;192756,83
2019;abril;4;15;146467,71
2019;abril;4;16;409302,9
2019;abril;4;17;261341,25
2019;abril;4;18;180500,41
2019;abril;4;22;119736,66
2019;abril;4;23;329260,76
2019;abril;4;24;222900,68
2019;abril;4;25;-3000,3
2019;abril;4;26;181177,28
2019;abril;4;29;280852,53
2019;abril;4;30;416773,39
2019;maio;5;2;36448,28
2019;maio;5;3;194892,19
2019;maio;5;6;145371,31
2019;maio;5;7;332234,66
2019;maio;5;8;317017,13
2019;maio;5;9;65905,38
2019;maio;5;10;181865,12
2019;maio;5;13;118635,57
2019;maio;5;14;325898,3
2019;maio;5;15;378758,93
2019;maio;5;16;149220,85
2019;maio;5;17;435038,6
2019;maio;5;20;150798,45
2019;maio;5;21;336070,25
2019;maio;5;22;215537,95
2019;maio;5;23;180534,89
2019;maio;5;24;450138,32
2019;maio;5;27;121850,8
2019;maio;5;28;244516,52
2019;maio;5;29;307230,29
2019;maio;5;30;8104,42
2019;maio;5;31;173930,89
2019;junho;6;3;81469,84
2019;junho;6;4;312082,01
2019;junho;6;5;262809,36
2019;junho;6;6;34940,03
2019;junho;6;7;247092,46
2019;junho;6;10;118471,14
2019;junho;6;11;304559,93
2019;junho;6;12;311676,87
2019;junho;6;13;20829,17
2019;junho;6;14;248442,35
2019;junho;6;17;133551,34
2019;junho;6;18;669266
2019;junho;6;19;48294,74
2019;junho;6;21;288909,08
2019;junho;6;24;127061,3
2019;junho;6;25;507544,43
2019;junho;6;26;182021,79
2019;junho;6;27;96623,65
2019;junho;6;28;111003,53
2019;julho;7;1;83944,8
2019;julho;7;2;322814,37
2019;julho;7;3;539481,66
2019;julho;7;4;172961,88
2019;julho;7;5;228919,68
2019;julho;7;8;184710,22
2019;julho;7;9;260461,94
2019;julho;7;10;271635,68
2019;julho;7;11;-128026,98
2019;julho;7;12;124522,88
2019;julho;7;15;165193,59
2019;julho;7;16;324263,94
2019;julho;7;17;275076,61
2019;julho;7;18;53320,75
2019;julho;7;19;159353,72
2019;julho;7;22;105135,5
2019;julho;7;23;265772,68
2019;julho;7;24;341031,31
2019;julho;7;25;3919,37
2019;julho;7;26;116958,73
2019;julho;7;29;140270,51
2019;julho;7;30;291625,99
2019;julho;7;31;318110,19
2019;agosto;8;1;12158,43
2019;agosto;8;2;147651,2
2019;agosto;8;5;112433,8
2019;agosto;8;6;333707,34
2019;agosto;8;7;351737,98
2019;agosto;8;8;109717,62
2019;agosto;8;9;188968,12
2019;agosto;8;12;162334,73
2019;agosto;8;13;267549,77
2019;agosto;8;14;307631,42
2019;agosto;8;15;67389,15
2019;agosto;8;16;233683,97
2019;agosto;8;19;116287,21
2019;agosto;8;20;254942,75
2019;agosto;8;21;316241,52
2019;agosto;8;22;19257,3
2019;agosto;8;23;153220,97
2019;agosto;8;26;156536,68
2019;agosto;8;27;280230,71
2019;agosto;8;28;279495,73
2019;agosto;8;29;29480,7
2019;agosto;8;30;263673,36
2019;setembro;9;2;64642,04
2019;setembro;9;3;291157,52
2019;setembro;9;4;319622,26
2019;setembro;9;5;112248,62
2019;setembro;9;6;132796,59
2019;setembro;9;9;117280,97
2019;setembro;9;10;266945,94
2019;setembro;9;11;283659,14
2019;setembro;9;12;89726,14
2019;setembro;9;13;232130,39
2019;setembro;9;16;139851,76
2019;setembro;9;17;293756,25
2019;setembro;9;18;377525,62
2019;setembro;9;19;157031,22
2019;setembro;9;23;144175,51
2019;setembro;9;24;273574,49
2019;setembro;9;25;170896,17
2019;setembro;9;26;33655,86
2019;setembro;9;27;149398,73
2019;setembro;9;30;216918,6
2019;outubro;10;1;248000,36
2019;outubro;10;2;222755,53
2019;outubro;10;3;7679,28
2019;outubro;10;4;247301,23
2019;outubro;10;7;186020,47
2019;outubro;10;8;384645,8
2019;outubro;10;9;275239,35
2019;outubro;10;10;66734,92
2019;outubro;10;11;193518,23
2019;outubro;10;14;89835,85
2019;outubro;10;15;278655,34
2019;outubro;10;16;277083,53
2019;outubro;10;17;23058,37
2019;outubro;10;18;131541,22
2019;outubro;10;21;134073,32
2019;outubro;10;22;251570,36
2019;outubro;10;23;229624,8
2019;outubro;10;24;51167,8
2019;outubro;10;25;189528,29
2019;outubro;10;28;125135,52
2019;outubro;10;29;284445,44
2019;outubro;10;30;275734,69
2019;outubro;10;31;87982,3
2019;novembro;11;1;112987,73
2019;novembro;11;4;107892,3
2019;novembro;11;5;251050,02
2019;novembro;11;6;279191,4
2019;novembro;11;7;33136,36
2019;novembro;11;8;246468,08
2019;novembro;11;11;180246,65
2019;novembro;11;12;312575,21
2019;novembro;11;13;355565,43
2019;novembro;11;14;177188,3
2019;novembro;11;18;108405,85
2019;novembro;11;19;251501,49
2019;novembro;11;20;240763,74
2019;novembro;11;21;57971,5
2019;novembro;11;22;114084,37
2019;novembro;11;25;100870,05
2019;novembro;11;26;339222,39
2019;novembro;11;27;287898,01
2019;novembro;11;28;8893,1
2019;novembro;11;29;151643,66
2019;dezembro;12;2;108481,27
2019;dezembro;12;3;329203,88
2019;dezembro;12;4;252908,33
2019;dezembro;12;5;63036,88
2019;dezembro;12;6;235475,78
2019;dezembro;12;9;134948,32
2019;dezembro;12;10;360379,39
2019;dezembro;12;11;322590,06
2019;dezembro;12;12;11612,56
2019;dezembro;12;13;202320,39
2019;dezembro;12;16;200673,08
2019;dezembro;12;17;403318,09
2019;dezembro;12;18;301577,76
2019;dezembro;12;19;19756,43
2019;dezembro;12;20;250168,76
2019;dezembro;12;23;229317,27
2019;dezembro;12;24;284682,33
2019;dezembro;12;26;198363,78
2019;dezembro;12;27;43425,97
2019;dezembro;12;30;129680,64
2019;dezembro;12;31;252604,85
2020;janeiro;1;2;160598,1
2020;janeiro;1;3;18702,91
2020;janeiro;1;6;154448,6
2020;janeiro;1;7;257811,38
2020;janeiro;1;8;252892,13
2020;janeiro;1;9;9868,57
2020;janeiro;1;10;201745,86
2020;janeiro;1;13;144533,54
2020;janeiro;1;14;263751,08
2020;janeiro;1;15;237546,32
2020;janeiro;1;16;12224,51
2020;janeiro;1;17;156002,92
2020;janeiro;1;20;153704,28
2020;janeiro;1;21;299379,54
2020;janeiro;1;22;215021,43
2020;janeiro;1;23;22134,04
2020;janeiro;1;24;210144,81
2020;janeiro;1;27;119979,23
2020;janeiro;1;28;258436,39
2020;janeiro;1;29;226235,3
2020;janeiro;1;30;-5758,68
2020;janeiro;1;31;152335,66
2020;fevereiro;2;3;106826,68
2020;fevereiro;2;4;262144,82
2020;fevereiro;2;5;259107,76
2020;fevereiro;2;6;32268,31
2020;fevereiro;2;7;143410,71
2020;fevereiro;2;10;129682,84
2020;fevereiro;2;11;250002,01
2020;fevereiro;2;12;204527,83
2020;fevereiro;2;13;37285,46
2020;fevereiro;2;14;152309,62
2020;fevereiro;2;17;110515,98
2020;fevereiro;2;18;254486,35
2020;fevereiro;2;19;239615,62
2020;fevereiro;2;20;34082,28
2020;fevereiro;2;21;167868,83
2020;fevereiro;2;24;101982,9
2020;fevereiro;2;25;12353,55
2020;fevereiro;2;26;428792,46
2020;fevereiro;2;27;11111,63
2020;fevereiro;2;28;175353,5
2020;março;3;2;118162,58
2020;março;3;3;306200,79
2020;março;3;4;361282,93
2020;março;3;5;253649,53
2020;março;3;6;181714,15
2020;março;3;9;146935,35
2020;março;3;10;268029,1
2020;março;3;11;260851,61
2020;março;3;12;-193662,2
2020;março;3;13;161766,41
2020;março;3;16;132902,37
2020;março;3;17;285207,82
2020;março;3;18;322702,53
2020;março;3;19;28623,14
2020;março;3;20;208394,88
2020;março;3;23;107003,05
2020;março;3;24;274349,52
2020;março;3;25;208502,39
2020;março;3;26;-122,78
2020;março;3;27;131920,77
2020;março;3;30;44288,09
2020;março;3;31;213052,95
2020;abril;4;1;162480,53
2020;abril;4;2;22639,67
2020;abril;4;3;81383,84
2020;abril;4;6;83395,64
2020;abril;4;7;235940,26
2020;abril;4;8;192547,61
2020;abril;4;9;138527,01
2020;abril;4;13;11387,75
2020;abril;4;14;185599,26
2020;abril;4;15;281881,81
2020;abril;4;16;47551,44
2020;abril;4;17;150768,04
2020;abril;4;20;236289,95
2020;abril;4;22;183058,48
2020;abril;4;23;33859,99
2020;abril;4;24;180276,06
2020;abril;4;27;60618,12
2020;abril;4;28;221618
2020;abril;4;29;268736,52
2020;abril;4;30;155527
2020;maio;5;4;96580,51
2020;maio;5;5;276291,1
2020;maio;5;6;226986,27
2020;maio;5;7;16874,92
2020;maio;5;8;190496,52
2020;maio;5;11;69359,99
2020;maio;5;12;249828,08
2020;maio;5;13;302659,99
2020;maio;5;14;9481,2
2020;maio;5;15;174937,14
2020;maio;5;18;95702,17
2020;maio;5;19;256896,47
2020;maio;5;20;151591,48
2020;maio;5;21;12697,65
2020;maio;5;22;157345,85
2020;maio;5;25;94441,23
2020;maio;5;26;169818,41
2020;maio;5;27;248250,38
2020;maio;5;28;7803,38
2020;maio;5;29;192111,76
2020;junho;6;1;90167,36
2020;junho;6;2;291554,88
2020;junho;6;3;215755,31
2020;junho;6;4;14705,87
2020;junho;6;5;163391,55
2020;junho;6;8;108537,38
2020;junho;6;9;240919,63
2020;junho;6;10;312904,17
2020;junho;6;12;152693,24
2020;junho;6;15;120910,72
2020;junho;6;16;164267,87
2020;junho;6;17;299478,06
2020;junho;6;18;44505,22
2020;junho;6;19;158253,15
2020;junho;6;22;68884,91
2020;junho;6;23;204221,5
2020;junho;6;24;235458,51
2020;junho;6;25;3904,06
2020;junho;6;26;94688,94
2020;junho;6;29;89937,79
2020;junho;6;30;266701,55
2020;julho;7;1;176783,62
2020;julho;7;2;26874,07
2020;julho;7;3;230971,5
2020;julho;7;6;91208,98
2020;julho;7;7;259140,39
2020;julho;7;8;320754,02
2020;julho;7;9;13644,05
2020;julho;7;10;188897,03
2020;julho;7;13;97653,05
2020;julho;7;14;252626,75
2020;julho;7;15;215939,13
2020;julho;7;16;3496,21
2020;julho;7;17;99033,19
2020;julho;7;20;82295,28
2020;julho;7;21;219389,12
2020;julho;7;22;249444,46
2020;julho;7;23;1200,05
2020;julho;7;24;141236,56
2020;julho;7;27;97186,86
2020;julho;7;28;224861,8
2020;julho;7;29;220860,63
2020;julho;7;30;27222,04
2020;julho;7;31;184295,39
2020;agosto;8;3;63328,26
2020;agosto;8;4;244667,57
2020;agosto;8;5;302076,27
2020;agosto;8;6;13251,3
2020;agosto;8;7;178452,78
2020;agosto;8;10;47817,61
2020;agosto;8;11;296663,5
2020;agosto;8;12;215857,49
2020;agosto;8;13;7122,49
2020;agosto;8;14;151653,21
2020;agosto;8;17;111708,72
2020;agosto;8;18;199402,86
2020;agosto;8;19;285436,57
2020;agosto;8;20;3498,82
2020;agosto;8;21;178051,52
2020;agosto;8;24;81058,72
2020;agosto;8;25;246993,06
2020;agosto;8;26;206521,75
2020;agosto;8;27;11906,17
2020;agosto;8;28;151908,56
2020;agosto;8;31;119687,35
2020;setembro;9;1;206861,43
2020;setembro;9;2;236024,42
2020;setembro;9;3;22900,89
2020;setembro;9;4;208543,78
2020;setembro;9;8;259179,67
2020;setembro;9;9;182925,52
2020;setembro;9;10;94849,13
2020;setembro;9;11;197341,44
2020;setembro;9;14;122825,84
2020;setembro;9;15;268160,41
2020;setembro;9;16;303105,34
2020;setembro;9;17;25077,36
2020;setembro;9;18;168449,28
2020;setembro;9;21;126738,18
2020;setembro;9;22;211472,92
2020;setembro;9;23;166962,63
2020;setembro;9;24;48780,66
2020;setembro;9;25;147151,72
2020;setembro;9;28;98055,89
2020;setembro;9;29;233327,79
2020;setembro;9;30;275688,43
2020;outubro;10;1;24660,81
2020;outubro;10;2;164286,96
2020;outubro;10;5;93390,1
2020;outubro;10;6;228801,46
2020;outubro;10;7;261166,81
2020;outubro;10;8;26437,94
2020;outubro;10;9;214867,53
2020;outubro;10;13;324409,25
2020;outubro;10;14;270887,76
2020;outubro;10;15;36602,02
2020;outubro;10;16;165351,75
2020;outubro;10;19;107657,95
2020;outubro;10;20;232355,89
2020;outubro;10;21;174555,51
2020;outubro;10;22;29695,67
2020;outubro;10;23;141091,03
2020;outubro;10;26;102539,26
2020;outubro;10;27;241928,64
2020;outubro;10;28;249525,13
2020;outubro;10;29;38338,94
2020;outubro;10;30;198163,21
2020;novembro;11;3;361169,63
2020;novembro;11;4;293932,11
2020;novembro;11;5;27448,57
2020;novembro;11;6;198080,08
2020;novembro;11;9;81222,26
2020;novembro;11;10;275675,89
2020;novembro;11;11;290079,73
2020;novembro;11;12;19161,98
2020;novembro;11;13;171702,04
2020;novembro;11;16;158326
2020;novembro;11;17;30550,56
2020;novembro;11;18;443091,76
2020;novembro;11;19;7295,05
2020;novembro;11;20;130719,2
2020;novembro;11;23;77364,48
2020;novembro;11;24;330104,24
2020;novembro;11;25;279924,61
2020;novembro;11;26;31295,75
2020;novembro;11;27;176052,98
2020;novembro;11;30;166782,3
2020;dezembro;12;1;216903,81
2020;dezembro;12;2;232419,64
2020;dezembro;12;3;11148,28
2020;dezembro;12;4;207748,95
2020;dezembro;12;7;92482,82
2020;dezembro;12;8;275324,26
2020;dezembro;12;9;328022,3
2020;dezembro;12;10;31234,08
2020;dezembro;12;11;193595,5
2020;dezembro;12;14;98953,07
2020;dezembro;12;15;394093,67
2020;dezembro;12;16;285013,68
2020;dezembro;12;17;34572,11
2020;dezembro;12;18;308596,17
2020;dezembro;12;21;318609,12
2020;dezembro;12;22;235434,13
2020;dezembro;12;23;152519,62
2020;dezembro;12;24;73491,16
2020;dezembro;12;28;312615,03
2020;dezembro;12;29;195312,31
2020;dezembro;12;30;83933,6
2020;dezembro;12;31;18609,3
2021;janeiro;1;4;113858,81
2021;janeiro;1;5;39564,55
2021;janeiro;1;6;428237,92
2021;janeiro;1;7;105052,49
2021;janeiro;1;8;146012,98
2021;janeiro;1;11;102109,3
2021;janeiro;1;12;257212,58
2021;janeiro;1;13;207969,33
2021;janeiro;1;14;39413,83
2021;janeiro;1;15;218213,29
2021;janeiro;1;18;102599,53
2021;janeiro;1;19;221673,87
2021;janeiro;1;20;262981,47
2021;janeiro;1;21;7031,05
2021;janeiro;1;22;141864,9
2021;janeiro;1;25;96014,34
2021;janeiro;1;26;254550,61
2021;janeiro;1;27;224127,95
2021;janeiro;1;28;20083,87
2021;janeiro;1;29;409230,6
2021;janeiro;1;30;-179350,85
2021;fevereiro;2;1;96122,63
2021;fevereiro;2;2;232373,61
2021;fevereiro;2;3;224266,55
2021;fevereiro;2;4;8589,62
2021;fevereiro;2;5;149745,11
2021;fevereiro;2;8;113113,11
2021;fevereiro;2;9;290250,77
2021;fevereiro;2;10;203156,09
2021;fevereiro;2;11;32089,68
2021;fevereiro;2;12;160778,71
2021;fevereiro;2;15;109769,97
2021;fevereiro;2;16;259038,63
2021;fevereiro;2;17;257961,22
2021;fevereiro;2;18;14241,18
2021;fevereiro;2;19;155870,73
2021;fevereiro;2;22;102355,2
2021;fevereiro;2;23;232923,71
2021;fevereiro;2;24;211608,59
2021;fevereiro;2;25;12734,39
2021;fevereiro;2;26;132805,34
2021;fevereiro;2;27;-479,37
2021;março;3;1;47498,19
2021;março;3;2;519804,28
2021;março;3;3;120565,47
2021;março;3;4;15300,26
2021;março;3;5;-20887,01
2021;março;3;8;97313,42
2021;março;3;9;15443,28
2021;março;3;10;419474,07
2021;março;3;11;24194,93
2021;março;3;12;161416,42
2021;março;3;15;98947,86
2021;março;3;16;226764,41
2021;março;3;17;267287,4
2021;março;3;18;150068,91
2021;março;3;22;98485,81
2021;março;3;23;273210,76
2021;março;3;24;192519,87
2021;março;3;25;18912,73
2021;março;3;26;146006,58
2021;março;3;29;245583,35
2021;março;3;30;199200,6
2021;março;3;31;47815,53
2021;abril;4;1;123206,45
2021;abril;4;5;77939,03
2021;abril;4;6;243395,19
2021;abril;4;7;206436,82
2021;abril;4;8;3364,78
2021;abril;4;9;135397,64
2021;abril;4;12;94836,29
2021;abril;4;13;246139,85
2021;abril;4;14;262904,02
2021;abril;4;15;37042,64
2021;abril;4;16;147559,92
2021;abril;4;19;80612,08
2021;abril;4;20;428536,29
2021;abril;4;22;57324,04
2021;abril;4;23;199746,33
2021;abril;4;26;97458,76
2021;abril;4;27;242632,8
2021;abril;4;28;291183,92
2021;abril;4;29;15774,73
2021;abril;4;30;212991,54
2021;maio;5;3;92057,53
2021;maio;5;4;214563,83
2021;maio;5;5;218867,62
2021;maio;5;6;11846,09
2021;maio;5;7;151387,92
2021;maio;5;10;109988,72
2021;maio;5;11;269617,97
2021;maio;5;12;326027,76
2021;maio;5;13;20245,2
2021;maio;5;14;197030,95
2021;maio;5;17;122874,26
2021;maio;5;18;251235,56
2021;maio;5;19;205696,69
2021;maio;5;20;23738,11
2021;maio;5;21;137542
2021;maio;5;24;108355,31
2021;maio;5;25;224211,11
2021;maio;5;26;347696,17
2021;maio;5;27;699,45
2021;maio;5;28;186449,64
2021;maio;5;31;127027,14
2021;junho;6;1;52909,11
2021;junho;6;2;463475,28
2021;junho;6;4;126888,61
2021;junho;6;7;98095,99
2021;junho;6;8;256495,19
2021;junho;6;9;295585,8
2021;junho;6;10;2135,03
2021;junho;6;11;218317,76
2021;junho;6;14;112862,02
2021;junho;6;15;245845,15
2021;junho;6;16;272644,82
2021;junho;6;17;302,87
2021;junho;6;18;144831,31
2021;junho;6;21;113139,65
2021;junho;6;22;233524,73
2021;junho;6;23;287392,19
2021;junho;6;24;36294,05
2021;junho;6;25;172154,39
2021;junho;6;28;168301,53
2021;junho;6;29;8953,51
2021;junho;6;30;452256,92
2021;julho;7;1;4933,02
2021;julho;7;2;195493,95
2021;julho;7;5;83563,57
2021;julho;7;6;280436,95
2021;julho;7;7;355404,71
2021;julho;7;8;17253,31
2021;julho;7;9;195273,6
2021;julho;7;12;139079,14
2021;julho;7;13;259350,31
2021;julho;7;14;254904,51
2021;julho;7;15;50829,3
2021;julho;7;16;136921,67
2021;julho;7;19;136618,16
2021;julho;7;20;293800,55
2021;julho;7;21;343465,39
2021;julho;7;22;2746,04
2021;julho;7;23;171405,48
2021;julho;7;26;257274,55
2021;julho;7;27;262102,65
2021;julho;7;28;233525,26
2021;julho;7;29;-1093,56
2021;julho;7;30;238319,29
2021;agosto;8;2;117388,16
2021;agosto;8;3;295144,79
2021;agosto;8;4;349605,92
2021;agosto;8;5;19008,88
2021;agosto;8;6;188337,95
2021;agosto;8;9;110386,94
2021;agosto;8;10;391709,05
2021;agosto;8;11;287121,44
2021;agosto;8;12;37263,51
2021;agosto;8;13;156739,66
2021;agosto;8;16;136822,84
2021;agosto;8;17;274765,1
2021;agosto;8;18;409999,69
2021;agosto;8;19;17430,44
2021;agosto;8;20;145068,62
2021;agosto;8;23;113179,28
2021;agosto;8;24;239799,08
2021;agosto;8;25;215281,47
2021;agosto;8;26;5332
2021;agosto;8;27;135356,19
2021;agosto;8;30;141403,58
2021;agosto;8;31;385602,08
2021;setembro;9;1;371779,03
2021;setembro;9;2;26559,01
2021;setembro;9;3;212052,66
2021;setembro;9;6;372133,04
2021;setembro;9;8;156676,42
2021;setembro;9;9;32269,05
2021;setembro;9;10;245423,49
2021;setembro;9;13;80317,02
2021;setembro;9;14;255646,55
2021;setembro;9;15;331709,6
2021;setembro;9;16;-29418,13
2021;setembro;9;17;212456,46
2021;setembro;9;21;430853,24
2021;setembro;9;22;80532,38
2021;setembro;9;23;20663,74
2021;setembro;9;24;135106,65
2021;setembro;9;27;114296,15
2021;setembro;9;28;267436,04
2021;setembro;9;29;283514,36
2021;setembro;9;30;19355,14
2021;outubro;10;1;132025,57
2021;outubro;10;4;124631,74
2021;outubro;10;5;277472,22
2021;outubro;10;6;276902,84
2021;outubro;10;7;64613,04
2021;outubro;10;8;209297,33
2021;outubro;10;11;337540,75
2021;outubro;10;13;338010,61
2021;outubro;10;14;23381,39
2021;outubro;10;15;191442,22
2021;outubro;10;18;168000,13
2021;outubro;10;19;242066,64
2021;outubro;10;20;352928,97
2021;outubro;10;21;1840,38
2021;outubro;10;22;174793,75
2021;outubro;10;25;134161,61
2021;outubro;10;26;253919,1
2021;outubro;10;27;306667,72
2021;outubro;10;28;-3287,71
2021;outubro;10;29;208354,94
2021;novembro;11;1;308539,69
2021;novembro;11;3;251891,92
2021;novembro;11;4;63168,71
2021;novembro;11;5;146024,44
2021;novembro;11;8;100116,59
2021;novembro;11;9;312729,05
2021;novembro;11;10;341305,8
2021;novembro;11;11;31079,02
2021;novembro;11;12;254415,7
2021;novembro;11;16;338342,81
2021;novembro;11;17;269977,25
2021;novembro;11;18;39764,38
2021;novembro;11;19;250952,78
2021;novembro;11;22;113327,35
2021;novembro;11;23;251513,19
2021;novembro;11;24;324909,91
2021;novembro;11;25;24322,32
2021;novembro;11;26;138748,84
2021;novembro;11;29;152174,99
2021;novembro;11;30;313854,6
2021;dezembro;12;1;218487,25
2021;dezembro;12;2;14224,52
2021;dezembro;12;3;152897,91
2021;dezembro;12;6;123866,11
2021;dezembro;12;7;294015,83
2021;dezembro;12;8;324670,97
2021;dezembro;12;9;11822,8
2021;dezembro;12;10;166244,22
2021;dezembro;12;13;147918,57
2021;dezembro;12;14;360928,55
2021;dezembro;12;15;289583,77
2021;dezembro;12;16;16784,52
2021;dezembro;12;17;193159,13
2021;dezembro;12;20;143994,03
2021;dezembro;12;21;315237,54
2021;dezembro;12;22;266118,39
2021;dezembro;12;23;163844,11
2021;dezembro;12;27;448299,23
2021;dezembro;12;28;75817,53
2021;dezembro;12;29;170773,87
2021;dezembro;12;30;28352,3
2021;dezembro;12;31;-543,57
2022;janeiro;1;3;72469,67
2022;janeiro;1;4;295547,74
2022;janeiro;1;5;214983,45
2022;janeiro;1;6;-3997,23
2022;janeiro;1;7;97868,28
2022;janeiro;1;10;111595,73
2022;janeiro;1;11;508033,12
2022;janeiro;1;12;196219,2
2022;janeiro;1;13;-251824,17
2022;janeiro;1;14;186699,43
2022;janeiro;1;17;86849,27
2022;janeiro;1;18;178333,56
2022;janeiro;1;19;334885,35
2022;janeiro;1;20;988,09
2022;janeiro;1;21;176764,35
2022;janeiro;1;24;83543,65
2022;janeiro;1;25;414063,06
2022;janeiro;1;26;212851,07
2022;janeiro;1;27;-195725,47
2022;janeiro;1;28;143168,16
2022;janeiro;1;31;124543,1
2022;fevereiro;2;1;13889,87
2022;fevereiro;2;2;462286,95
2022;fevereiro;2;3;6835,37
2022;fevereiro;2;4;130368,72
2022;fevereiro;2;7;130222,21
2022;fevereiro;2;8;572106,1
2022;fevereiro;2;9;199344,58
2022;fevereiro;2;10;-258444,88
2022;fevereiro;2;11;134261,75
2022;fevereiro;2;14;99930,44
2022;fevereiro;2;15;208038,23
2022;fevereiro;2;16;318189,08
2022;fevereiro;2;17;13247,96
2022;fevereiro;2;18;152670,56
2022;fevereiro;2;21;143629,49
2022;fevereiro;2;22;557879,31
2022;fevereiro;2;23;238907,65
2022;fevereiro;2;24;-321818,38
2022;fevereiro;2;25;132375,86
2022;fevereiro;2;28;113494,95
2022;março;3;1;182746,21
2022;março;3;2;345561,68
2022;março;3;3;27988,19
2022;março;3;4;166454,98
2022;março;3;7;125849,57
2022;março;3;8;521251,46
2022;março;3;9;213239,87
2022;março;3;11;-153894,63
2022;março;3;14;117728,86
2022;março;3;15;268991,42
2022;março;3;16;302381,65
2022;março;3;17;7178,01
2022;março;3;18;169105,15
2022;março;3;21;86263,38
2022;março;3;22;527914,63
2022;março;3;23;259594,4
2022;março;3;24;-266688,43
2022;março;3;25;223199,58
2022;março;3;28;99436,94
2022;março;3;29;282694,99
2022;março;3;30;268311,11
2022;março;3;31;27847,13
2022;abril;4;1;167435,98
2022;abril;4;4;142252,04
2022;abril;4;5;501372,37
2022;abril;4;6;287375,41
2022;abril;4;7;-269800,17
2022;abril;4;8;209943,15
2022;abril;4;11;126219,86
2022;abril;4;12;301570,2
2022;abril;4;13;319204,04
2022;abril;4;14;292545,19
2022;abril;4;18;160362,93
2022;abril;4;19;612175,51
2022;abril;4;20;324160,18
2022;abril;4;22;-186991,37
2022;abril;4;25;104030,51
2022;abril;4;26;345717,6
2022;abril;4;27;220950,67
2022;abril;4;28;27860,25
2022;abril;4;29;164678,03
2022;maio;5;2;121235,71
2022;maio;5;3;573310,94
2022;maio;5;4;311380,07
2022;maio;5;5;18461,02
2022;maio;5;6;-120175,91
2022;maio;5;9;175968,74
2022;maio;5;10;286832,06
2022;maio;5;11;366457,29
2022;maio;5;12;20004,37
2022;maio;5;13;213779,08
2022;maio;5;16;141372,71
2022;maio;5;17;706139,24
2022;maio;5;18;325192,96
2022;maio;5;19;-338338,57
2022;maio;5;20;253046,8
2022;maio;5;23;110638,37
2022;maio;5;24;294133,43
2022;maio;5;25;361650,98
2022;maio;5;26;2371,63
2022;maio;5;27;190649,51
2022;maio;5;30;137234,05
2022;maio;5;31;259715,04
2022;junho;6;1;658503,19
2022;junho;6;2;-326444,75
2022;junho;6;3;223163,33
2022;junho;6;6;203493,93
2022;junho;6;7;342942,73
2022;junho;6;8;339147,76
2022;junho;6;9;9688,05
2022;junho;6;10;236212,88
2022;junho;6;13;148951,15
2022;junho;6;14;677107,18
2022;junho;6;15;343337,96
2022;junho;6;17;-140223,3
2022;junho;6;20;167091,73
2022;junho;6;21;306606
2022;junho;6;22;391197,32
2022;junho;6;23;21806,52
2022;junho;6;24;197240,69
2022;junho;6;27;110502,06
2022;junho;6;28;566605,8
2022;junho;6;29;291622,77
2022;junho;6;30;-292027,29
2022;julho;7;1;169813,76
2022;julho;7;4;145866,49
2022;julho;7;5;351994,81
2022;julho;7;6;328002,98
2022;julho;7;7;7269,6
2022;julho;7;8;244879,83
2022;julho;7;11;147971,38
2022;julho;7;12;216896,88
2022;julho;7;13;290270,63
2022;julho;7;14;13909,56
2022;julho;7;15;230532,53
2022;julho;7;18;113345,28
2022;julho;7;19;310611
2022;julho;7;20;349218,67
2022;julho;7;21;15511,86
2022;julho;7;22;203546,26
2022;julho;7;25;180195,08
2022;julho;7;26;216567,31
2022;julho;7;27;314269,61
2022;julho;7;28;12006,03
2022;julho;7;29;225157,97
2022;agosto;8;1;87604,95
2022;agosto;8;2;315483,19
2022;agosto;8;3;285349,24
2022;agosto;8;4;11987,09
2022;agosto;8;5;205624,67
2022;agosto;8;8;166249,84
2022;agosto;8;9;243928,59
2022;agosto;8;10;295991,82
2022;agosto;8;11;28537,1
2022;agosto;8;12;226799,81
2022;agosto;8;15;128249,82
2022;agosto;8;16;353971,76
2022;agosto;8;17;303782,67
2022;agosto;8;18;13389,2
2022;agosto;8;19;204149,93
2022;agosto;8;22;143355,17
2022;agosto;8;23;241098,48
2022;agosto;8;24;335051,7
2022;agosto;8;25;8715,87
2022;agosto;8;26;159319,2
2022;agosto;8;29;111103,25
2022;agosto;8;30;313364,65
2022;agosto;8;31;316002,15
2022;setembro;9;1;12313,14
2022;setembro;9;2;203839,56
2022;setembro;9;5;160469,55
2022;setembro;9;6;545345,03
2022;setembro;9;8;44950,21
2022;setembro;9;9;207513,86
2022;setembro;9;12;137357,42
2022;setembro;9;13;286431,09
2022;setembro;9;14;357143,09
2022;setembro;9;15;58473,46
2022;setembro;9;16;266678,3
2022;setembro;9;19;99888,42
2022;setembro;9;21;545297,73
2022;setembro;9;22;14925,46
2022;setembro;9;23;213430,49
2022;setembro;9;26;102294,63
2022;setembro;9;27;281762,49
2022;setembro;9;28;292629,56
2022;setembro;9;29;6792,44
2022;setembro;9;30;248617,08
2022;outubro;10;3;144916,6
2022;outubro;10;4;242859,23
2022;outubro;10;5;325111,96
2022;outubro;10;6;26775,32
2022;outubro;10;7;292516,1
2022;outubro;10;10;156865,42
2022;outubro;10;11;526820,68
2022;outubro;10;13;72081,63
2022;outubro;10;14;286871,07
2022;outubro;10;17;131272,83
2022;outubro;10;18;243163,67
2022;outubro;10;19;405048,03
2022;outubro;10;20;15570,86
2022;outubro;10;21;216562,17
2022;outubro;10;24;135192,63
2022;outubro;10;25;260604,87
2022;outubro;10;26;279715,35
2022;outubro;10;27;30835,69
2022;outubro;10;28;189449,76
2022;outubro;10;31;69928,05
2022;novembro;11;1;585034,62
2022;novembro;11;3;35716,17
2022;novembro;11;4;257606
2022;novembro;11;7;124129,1
2022;novembro;11;8;269606,74
2022;novembro;11;9;333540,05
2022;novembro;11;10;26531,87
2022;novembro;11;11;307903,08
2022;novembro;11;14;357784,39
2022;novembro;11;16;348126,61
2022;novembro;11;17;4971,85
2022;novembro;11;18;211636,68
2022;novembro;11;21;272079,59
2022;novembro;11;22;289619,94
2022;novembro;11;23;64697,15
2022;novembro;11;24;334,37
2022;novembro;11;25;252361,9
2022;novembro;11;28;125794,33
2022;novembro;11;29;208756,92
2022;novembro;11;30;330689,62
2022;dezembro;12;1;18374,39
2022;dezembro;12;2;193321
2022;dezembro;12;5;105981,05
2022;dezembro;12;6;309521,46
2022;dezembro;12;7;274064,07
2022;dezembro;12;8;9005,86
2022;dezembro;12;9;217562,46
2022;dezembro;12;12;162844,32
2022;dezembro;12;13;315599,79
2022;dezembro;12;14;309711,08
2022;dezembro;12;15;43195,08
2022;dezembro;12;16;243562,3
2022;dezembro;12;19;163311,05
2022;dezembro;12;20;298974,26
2022;dezembro;12;21;341320,57
2022;dezembro;12;22;41502,41
2022;dezembro;12;23;193335,78
2022;dezembro;12;26;148234,61
2022;dezembro;12;27;200022,93
2022;dezembro;12;28;269663,29
2022;dezembro;12;29;20736,62
2022;dezembro;12;30;158965,05
2023;janeiro;1;2;80173,94
2023;janeiro;1;3;209736,11
2023;janeiro;1;4;213068,25
2023;janeiro;1;5;5708,28
2023;janeiro;1;6;195927,26
2023;janeiro;1;9;90182,09
2023;janeiro;1;10;224195,81
2023;janeiro;1;11;265926,18
2023;janeiro;1;12;11778,25
2023;janeiro;1;13;249050,63
2023;janeiro;1;16;116959,3
2023;janeiro;1;17;262453,88
2023;janeiro;1;18;255433,32
2023;janeiro;1;19;27068,83
2023;janeiro;1;20;186812,55
2023;janeiro;1;23;112734,34
2023;janeiro;1;24;185013,67
2023;janeiro;1;25;246292,14
2023;janeiro;1;26;11544,76
2023;janeiro;1;27;153823,71
2023;janeiro;1;30;115994,57
2023;janeiro;1;31;276522,07
2023;fevereiro;2;1;256794,03
2023;fevereiro;2;2;3900,51
2023;fevereiro;2;3;198139,47
2023;fevereiro;2;6;140189,48
2023;fevereiro;2;7;188012,74
2023;fevereiro;2;8;338693,73
2023;fevereiro;2;9;3321,54
2023;fevereiro;2;10;235713,32
2023;fevereiro;2;13;120136,68
2023;fevereiro;2;14;290846,42
2023;fevereiro;2;15;302581,27
2023;fevereiro;2;16;13872,72
2023;fevereiro;2;17;232008,78
2023;fevereiro;2;20;87358,2
2023;fevereiro;2;21;249225,96
2023;fevereiro;2;22;294568,8
2023;fevereiro;2;23;16658,19
2023;fevereiro;2;24;195989,03
2023;fevereiro;2;27;99139,62
2023;fevereiro;2;28;280015,79
2023;março;3;1;253606,7
2023;março;3;2;12288,63
2023;março;3;3;219339,87
2023;março;3;6;153882,75
2023;março;3;7;248797,45
2023;março;3;8;311137,57
2023;março;3;9;26571,18
2023;março;3;10;200575,93
2023;março;3;13;143033,38
2023;março;3;14;260955,6
2023;março;3;15;346887,86
2023;março;3;16;835,12
2023;março;3;17;276156,33
2023;março;3;20;142795,82
2023;março;3;21;187168,41
2023;março;3;22;283828,43
2023;março;3;23;25852,31
2023;março;3;24;195045,84
2023;março;3;27;110309,67
2023;março;3;28;315961,12
2023;março;3;29;249646,96
2023;março;3;30;3571,25
2023;março;3;31;226981
2023;abril;4;3;188961,18
2023;abril;4;4;226568,63
2023;abril;4;5;319023,6
2023;abril;4;6;190278,37
2023;abril;4;10;172650,77
2023;abril;4;11;286576,18
2023;abril;4;12;350369,23
2023;abril;4;13;12262,02
2023;abril;4;14;207709,42
2023;abril;4;17;189323,3
2023;abril;4;18;178287,01
2023;abril;4;19;288672,72
2023;abril;4;20;268618,64
2023;abril;4;24;162289,09
2023;abril;4;25;287015,16
2023;abril;4;26;302622,69
2023;abril;4;27;11359,78
2023;abril;4;28;414083,74
2023;abril;4;29;-230,65
2023;maio;5;2;77473,18
2023;maio;5;3;504168,12
2023;maio;5;4;100428,94
2023;maio;5;5;287594,27
2023;maio;5;8;166527,67
2023;maio;5;9;324008,76
2023;maio;5;10;374171,52
2023;maio;5;11;5362,41
2023;maio;5;12;261175,5
2023;maio;5;15;165515,8
2023;maio;5;16;342181
2023;maio;5;17;290638,94
2023;maio;5;18;34290,03
2023;maio;5;19;255158,06
2023;maio;5;22;147784
2023;maio;5;23;318438,43
2023;maio;5;24;274910,91
2023;maio;5;25;11642,1
2023;maio;5;26;210832,97
2023;maio;5;29;127443,11
2023;maio;5;30;284933
2023;maio;5;31;284751,62
2023;junho;6;1;8005,41
2023;junho;6;2;309896,38
2023;junho;6;5;140367,39
2023;junho;6;6;341647,82
2023;junho;6;7;276445,29
2023;junho;6;9;309922,18
2023;junho;6;12;147115,22
2023;junho;6;13;244350,91
2023;junho;6;14;363453,52
2023;junho;6;15;2015,98
2023;junho;6;16;398325,68
2023;junho;6;19;133567,74
2023;junho;6;20;362792,57
2023;junho;6;21;328450,66
2023;junho;6;22;5248,53
2023;junho;6;23;393223,06
2023;junho;6;26;163852,73
2023;junho;6;27;260311,31
2023;junho;6;28;310934,34
2023;junho;6;29;1157,61
2023;junho;6;30;374745,23
2023;julho;7;3;147416,22
2023;julho;7;4;307894,82
2023;julho;7;5;289841,66
2023;julho;7;6;194812,42
2023;julho;7;7;241648,04
2023;julho;7;10;170844,77
2023;julho;7;11;238693,3
2023;julho;7;12;339284,88
2023;julho;7;13;15966,02
2023;julho;7;14;297919,56
2023;julho;7;17;144647,73
2023;julho;7;18;338212,73
2023;julho;7;19;323306,29
2023;julho;7;20;125289,33
2023;julho;7;21;277212,69
2023;julho;7;24;129843,1
2023;julho;7;25;261256,74
2023;julho;7;26;336681,28
2023;julho;7;27;8463,94
2023;julho;7;28;279902,1
2023;julho;7;31;281543,03
2023;agosto;8;1;253542,45
2023;agosto;8;2;301893,35
2023;agosto;8;3;152866,18
2023;agosto;8;4;204167,58
2023;agosto;8;7;129013,96
2023;agosto;8;8;95861,77
2023;agosto;8;9;542729,09
2023;agosto;8;10;3885,56
2023;agosto;8;11;260348,41
2023;agosto;8;14;101279,04
2023;agosto;8;15;264159,26
2023;agosto;8;16;297854,46
2023;agosto;8;17;22442,97
2023;agosto;8;18;236266,76
2023;agosto;8;21;299247,87
2023;agosto;8;22;48110,36
2023;agosto;8;23;458258,64
2023;agosto;8;24;147164,13
2023;agosto;8;25;182643,58
2023;agosto;8;28;137293,58
2023;agosto;8;29;230872,54
2023;agosto;8;30;339661,43
2023;agosto;8;31;192328,3
2023;setembro;9;1;273799,59
2023;setembro;9;4;161425,92
2023;setembro;9;5;320417,76
2023;setembro;9;6;278696,15
2023;setembro;9;8;213863,79
2023;setembro;9;11;133025,5
2023;setembro;9;12;294512,14
2023;setembro;9;13;360995,3
2023;setembro;9;14;29334,32
2023;setembro;9;15;381631,38
2023;setembro;9;18;253857,17
2023;setembro;9;19;523192,29
2023;setembro;9;21;32400,87
2023;setembro;9;22;234901,4
2023;setembro;9;25;195646,6
2023;setembro;9;26;280608,56
2023;setembro;9;27;306797,89
2023;setembro;9;28;5570,82
2023;setembro;9;29;277185,02
2023;outubro;10;2;124610,05
2023;outubro;10;3;220313,3
2023;outubro;10;4;256543,39
2023;outubro;10;5;9626,05
2023;outubro;10;6;279441,32
2023;outubro;10;9;183657,64
2023;outubro;10;10;362619,36
2023;outubro;10;11;281935,7
2023;outubro;10;13;181607,31
2023;outubro;10;16;216441,89
2023;outubro;10;17;322337,43
2023;outubro;10;18;343772,65
2023;outubro;10;19;3523,77
2023;outubro;10;20;246197,07
2023;outubro;10;23;145171,88
2023;outubro;10;24;283607,36
2023;outubro;10;25;428838,37
2023;outubro;10;26;-1977,71
2023;outubro;10;27;218298,34
2023;outubro;10;30;165165,76
2023;outubro;10;31;333487,26
2023;novembro;11;1;265249,48
2023;novembro;11;3;251845,83
2023;novembro;11;6;150580,55
2023;novembro;11;7;339343,52
2023;novembro;11;8;339341,41
2023;novembro;11;9;9908,92
2023;novembro;11;10;249427,46
2023;novembro;11;13;284933,96
